epoch,total,ori,motion,background,middle,middle_bg
0,3.8148,3.1453,3.5858,2.8624,0.1618,0.0856
1,3.3862,2.7976,3.2606,2.605,0.0192,0.0061
2,3.2916,2.7139,3.2116,2.5518,0.0111,0.0037
3,3.2246,2.6583,3.1464,2.5138,0.0083,0.003
4,3.2013,2.6409,3.1042,2.4993,0.0068,0.0026
5,3.1568,2.6034,3.0739,2.4591,0.0059,0.0023
6,3.1383,2.5895,3.0441,2.4443,0.0051,0.002
7,3.1242,2.577,3.0256,2.4468,0.0044,0.0018
8,3.1187,2.5727,3.0329,2.4261,0.004,0.0017
9,3.0774,2.5358,3.0025,2.4126,0.0036,0.0015
10,3.0724,2.5355,2.9647,2.4043,0.0032,0.0014
11,3.0626,2.5255,2.9744,2.397,0.0029,0.0013
12,3.0736,2.5392,2.9464,2.3976,0.0029,0.0013
13,3.0647,2.5316,2.9433,2.3868,0.0023,0.0012
14,3.0456,2.5146,2.9291,2.3812,0.0021,0.0011
15,3.042,2.5121,2.9299,2.3692,0.0019,0.001
16,3.0208,2.4945,2.8957,2.3679,0.0017,0.001
17,3.0293,2.5005,2.9188,2.3697,0.0014,0.0009
18,3.02,2.493,2.911,2.3588,0.0012,0.0009
19,3.0281,2.5046,2.8802,2.355,0.001,0.0008
20,3.004,2.4817,2.8752,2.3482,0.0008,0.0008
21,3.0073,2.484,2.8946,2.3385,0.0008,0.0007
22,2.9977,2.4771,2.8629,2.3427,0.0007,0.0007
23,3.0038,2.482,2.8698,2.3481,0.0007,0.0007
24,2.9998,2.4801,2.8549,2.3426,0.0006,0.0006
25,2.9906,2.4716,2.8484,2.3416,0.0006,0.0006
26,2.9873,2.4703,2.8405,2.3302,0.0005,0.0005
27,2.9865,2.468,2.8588,2.3263,0.0005,0.0005
28,2.9662,2.45,2.845,2.3171,0.0005,0.0005
29,2.9668,2.4518,2.8255,2.3243,0.0004,0.0004
30,2.945,2.4314,2.8333,2.3024,0.0004,0.0004
31,2.9478,2.4353,2.8216,2.3043,0.0004,0.0004
32,2.9493,2.4363,2.8165,2.3136,0.0004,0.0004
33,2.9549,2.4404,2.8456,2.2997,0.0003,0.0003
34,2.9246,2.4131,2.8176,2.2968,0.0003,0.0003
35,2.9254,2.4168,2.7923,2.2932,0.0003,0.0003
36,2.9238,2.4138,2.8085,2.2909,0.0002,0.0002
37,2.9389,2.4297,2.7944,2.2974,0.0002,0.0002
38,2.9363,2.4274,2.797,2.2923,0.0002,0.0002
39,2.9211,2.4139,2.7818,2.2905,0.0002,0.0001
40,2.9216,2.4139,2.794,2.2828,0.0001,0.0001
41,2.9051,2.4003,2.763,2.2854,0.0001,0.0001
42,2.9159,2.408,2.7885,2.2902,0.0001,0.0001
43,2.9082,2.4012,2.7893,2.2803,0.0001,0.0001
44,2.92,2.4162,2.7582,2.2794,0.0001,0.0001
45,2.9,2.3963,2.7611,2.2759,0.0001,0.0001
46,2.9054,2.4008,2.7797,2.2671,0.0001,0.0001
47,2.8964,2.3938,2.7507,2.2748,0.0001,0.0001
48,2.9039,2.3992,2.7634,2.2834,0.0001,0.0
49,2.9033,2.4001,2.7529,2.2791,0.0001,0.0
50,2.9195,2.4161,2.7631,2.2707,0.0001,0.0
51,2.9244,2.4204,2.7747,2.266,0.0001,0.0
52,2.9384,2.4318,2.7885,2.2768,0.0001,0.0
53,2.9149,2.4123,2.7656,2.2601,0.0001,0.0
54,2.8962,2.3963,2.7529,2.2462,0.0001,0.0
55,2.8961,2.3969,2.7385,2.2536,0.0001,0.0
56,2.8977,2.3997,2.7322,2.2475,0.0001,0.0
57,2.8916,2.3936,2.7406,2.2398,0.0001,0.0
58,2.8824,2.3866,2.7134,2.2447,0.0001,0.0
59,2.8925,2.3943,2.7385,2.2438,0.0001,0.0
60,2.8773,2.3816,2.7224,2.2349,0.0001,0.0
61,2.8845,2.3875,2.7271,2.2426,0.0001,0.0
62,2.8875,2.3924,2.7168,2.2347,0.0001,0.0
63,2.8712,2.3759,2.7218,2.2315,0.0001,0.0
64,2.8803,2.3845,2.7212,2.2367,0.0001,0.0
65,2.8835,2.3873,2.7264,2.2358,0.0001,0.0
66,2.8659,2.3722,2.7091,2.2276,0.0001,0.0
67,2.8765,2.3825,2.7087,2.2315,0.0001,0.0
68,2.8715,2.3771,2.7101,2.2337,0.0001,0.0
69,2.8604,2.3679,2.6961,2.2286,0.0001,0.0
70,2.864,2.3714,2.6942,2.2316,0.0001,0.0
71,2.8764,2.383,2.7012,2.2332,0.0001,0.0
72,2.8667,2.3738,2.6988,2.2308,0.0001,0.0
73,2.8542,2.3635,2.6839,2.2228,0.0001,0.0
74,2.8613,2.3682,2.7079,2.2235,0.0001,0.0
75,2.846,2.3526,2.72,2.2141,0.0001,0.0
76,2.8573,2.366,2.694,2.2187,0.0001,0.0
77,2.848,2.357,2.6959,2.2143,0.0001,0.0
78,2.8508,2.3597,2.6849,2.2263,0.0001,0.0
79,2.8538,2.3622,2.6955,2.2201,0.0001,0.0
80,2.8465,2.3555,2.6954,2.2154,0.0001,0.0
81,2.8442,2.3545,2.687,2.2102,0.0,0.0
82,2.8532,2.3637,2.6754,2.2198,0.0,0.0
83,2.8497,2.3612,2.6747,2.2107,0.0,0.0
84,2.8556,2.3635,2.7023,2.219,0.0001,0.0
85,2.8477,2.3568,2.6968,2.2132,0.0,0.0
86,2.8583,2.3662,2.703,2.2173,0.0,0.0
87,2.845,2.356,2.6785,2.2107,0.0,0.0
88,2.8469,2.3574,2.6772,2.2174,0.0,0.0
89,2.8415,2.3531,2.6735,2.2104,0.0,0.0
90,2.8434,2.3561,2.6673,2.2066,0.0,0.0
91,2.853,2.3621,2.6904,2.2184,0.0,0.0
92,2.8405,2.3517,2.6769,2.2112,0.0,0.0
93,2.8366,2.3483,2.6823,2.2007,0.0,0.0
94,2.8363,2.347,2.6932,2.2,0.0,0.0
95,2.8475,2.3589,2.6761,2.2099,0.0,0.0
96,2.8377,2.3495,2.6741,2.207,0.0,0.0
97,2.8488,2.3601,2.6816,2.2061,0.0,0.0
98,2.8397,2.3512,2.6787,2.206,0.0,0.0
99,2.8398,2.3529,2.6655,2.2039,0.0,0.0
100,2.8376,2.3502,2.6671,2.2068,0.0,0.0
101,2.8465,2.3583,2.6689,2.2126,0.0,0.0
102,2.8338,2.3453,2.683,2.2017,0.0,0.0
103,2.8445,2.3586,2.6579,2.2012,0.0,0.0
104,2.8507,2.3628,2.668,2.2112,0.0,0.0
105,2.8414,2.3531,2.6788,2.2043,0.0,0.0
106,2.8506,2.3631,2.6672,2.2075,0.0,0.0
